
{

    "type": "minecraft:range_choice",
    "input": "terralith:overworld/reference/cave_cheese",
    "min_inclusive": -1000000,
    "max_exclusive": 0.1,
"when_in_range":{
                            "argument1": 4.0,
                            "argument2": {
                              "argument": {
                                "noise": "minecraft:cave_layer",
                                "xz_scale": 1.0,
                                "y_scale": 8.0,
                                "type": "minecraft:noise"
                              },
                              "type": "minecraft:square"
                            },
                            "type": "minecraft:mul"
},
"when_out_of_range":4.0
}