{"type":"flat_cache",
    "argument":{
        "type":"cache_2d",
        "argument":
{
   "type":"spline",
   "min_value":0,
   "max_value":4,
   "spline":{
      "coordinate":"overworld_large_biomes/continents",
      "points":[
        {
            "location":-0.275,
            "derivative":0,
            "value":4
         },
         {
            "location":-0.2375,
            "derivative":0,
            "value":{
               "coordinate":"overworld_large_biomes/erosion",
               "points":[
                  {
                     "location":-0.55,
                     "derivative":0,
                     "value":0
                  },
                  {
                     "location":-0.5,
                     "derivative":0,
                     "value":4
                  }
               ]
            }
         },

        {
            "location":-0.18,
            "derivative":0,
            "value":{
               "coordinate":"overworld_large_biomes/erosion",
               "points":[
                  {
                     "location":-0.55,
                     "derivative":0,
                     "value":0
                  },
                  {
                     "location":-0.5,
                     "derivative":0,
                     "value":4
                  }
               ]
            }
         },
         {
            "location":-0.09,
            "derivative":0,
            "value":4.0
         }
      ]
   }
}}}